2172436,0,0.84,10.06,1.1875,2.0625,2.125,0,-0.25,-4.88,1,0,0.04,0
2207944,0,0.88,10.03,2.4375,0.4375,3.3125,0.060000000000002,-0.19,-4.81,1,0,0.04,0
2242316,0,0.78,10.09,6.6875,-1.5625,3.3125,0.189999999999998,-0.19,-4.63,1,0,0.04,0
2278220,-0.03,0.77,10.08,6.1875,-2.125,3.5625,0.310000000000002,-0.25,-4.44,1,0,0.04,0
2312252,-0.03,0.6,10.13,10.3125,-2,0.5625,0.310000000000002,-0.37,-4.06,1,0,0.04,0
2348180,-0.04,0.76,10.09,5.9375,-0.25,-0.125,0.310000000000002,-0.37,-3.88,1,0,0.03,0
2382968,-0.04,0.56,10.11,24.75,-0.375,-1.875,0.310000000000002,-0.37,-3.44,1,0,0.03,0
2418916,-0.04,0.38,10.1,26.8125,-0.5625,-1.375,0.25,-0.37,-2.38,1,0,0.02,0
2453452,-0.05,0.19,10.13,28.4375,-0.5625,-2.9375,0.189999999999998,-0.37,-1.63,1,0,0.01,0
2489408,-0.06,0.11,10.13,28,-0.4375,-2.25,0.060000000000002,-0.37,-0.56,1,0,0,0
2523968,-0.06,-0.13,10.11,28.0625,-0.5625,-2.375,0,-0.37,0.25,1,0,0,0
2559260,-0.06,-0.11,10.11,29.6875,-0.375,1.5625,-0.06,-0.37,1.31,1,0,-0.01,0
2594548,-0.07,-0.52,10.09,49.6875,-0.875,-0.5625,0,-0.37,2.44,1,0,-0.03,0
2630764,-0.08,-0.92,10.07,48.8125,-0.8125,0.1875,0,-0.44,4.38,1,0,-0.04,0
2665048,-0.13,-1.23,10.02,36.5625,-1,-1.625,0,-0.44,5.5,1,0,-0.05,0
2700840,-0.09,-1.23,10.05,32.75,-0.6875,-0.6875,-0.06,-0.5,6.88,1,0,-0.06,0
2735936,-0.58,-0.98,10.04,24.875,-0.9375,-2.625,0,-0.5,7.75,1,0,-0.07,0
2772124,-0.35,-1.47,9.99,21.1875,-1.3125,-4.3125,-0.19,-0.5,8.56,1,0,-0.08,0
2807096,-0.04,-1.83,9.92,28.4375,-0.875,-2.1875,-0.31,-0.5,9.31,1,0.01,-0.08,0
2842712,-0.09,-1.79,9.92,29.5625,-0.5625,-1.125,-0.37,-0.56,10.44,1,0.01,-0.09,0
2877028,-0.1,-1.95,9.89,34.125,-3.125,-9.75,-0.44,-0.56,11.38,0.99,0.01,-0.1,0
2913188,-0.11,-2.27,9.84,24.75,-3.25,-11.0625,-0.88,-0.56,12.56,0.99,0.01,-0.11,-0.01
2947584,-0.12,-2.37,9.79,23.0625,-2.0625,-6.875,-1.19,-0.56,13.19,0.99,0.01,-0.12,-0.01
2982732,-0.15,-2.44,9.8,25.5625,-1.6875,-4.6875,-1.37,-0.63,14.13,0.99,0.01,-0.12,-0.01
3017628,-0.11,-2.48,9.77,24.6875,-2.125,-6.25,-1.56,-0.63,14.88,0.99,0.01,-0.13,-0.01
3053120,-0.12,-2.89,9.65,25.5,-1.5,-3.9375,-1.75,-0.63,15.88,0.99,0.01,-0.14,-0.02
3088140,-0.18,-2.75,9.72,22.9375,-0.0625,0.0625,-1.75,-0.63,16.5,0.99,0.01,-0.15,-0.02
3122720,-0.1,-3.19,9.58,18.5625,-1.8125,-3.9375,-1.81,-0.63,17.31,0.99,0.01,-0.15,-0.02
3158344,-0.12,-3.05,9.62,7.5,-0.8125,-1.75,-1.94,-0.69,17.62,0.99,0.01,-0.15,-0.02
3192600,-0.15,-3.04,9.58,14.25,-0.1875,-0.4375,-1.94,-0.69,18,0.99,0.01,-0.16,-0.02
3228040,-0.13,-3.19,9.57,14.625,-0.25,-0.1875,-1.94,-0.69,18.5,0.99,0.01,-0.16,-0.02
3262184,-0.14,-3.19,9.55,10.3125,-0.9375,-1.9375,-2,-0.69,18.87,0.99,0.01,-0.16,-0.02
3297868,-0.12,-3.16,9.53,17.3125,-1,-1.75,-2.06,-0.69,19.25,0.99,0.01,-0.17,-0.02
3332164,-0.09,-3.39,9.51,22.3125,-1.1875,-1.25,-2.06,-0.69,20.12,0.98,0.01,-0.18,-0.02
3367932,-0.24,-3.66,9.3,15.0625,-1.75,-3.125,-2.19,-0.75,20.62,0.98,0.01,-0.18,-0.02
3402016,-0.15,-3.59,9.39,14,-1.25,-2.9375,-2.25,-0.75,21.12,0.98,0.01,-0.18,-0.02
3437464,-0.15,-3.76,9.35,11.375,-1.1875,-2.4375,-2.31,-0.75,21.5,0.98,0.01,-0.19,-0.02
3472000,-0.13,-3.57,9.4,1.3125,-0.1875,-0.25,-2.38,-0.75,21.62,0.98,0.01,-0.19,-0.02
3506776,-0.14,-3.56,9.4,8.75,-1.3125,-2.5,-2.38,-0.75,21.75,0.98,0.01,-0.19,-0.02
3541880,-0.16,-3.8,9.34,3.75,-0.8125,-1.625,-2.5,-0.75,22,0.98,0.01,-0.19,-0.02
3575844,-0.14,-3.75,9.34,10.625,-1.875,-2.875,-2.63,-0.75,22.31,0.98,0.01,-0.19,-0.02
3611708,-0.17,-3.83,9.3,1,-0.25,-0.75,-2.69,-0.75,22.44,0.98,0.01,-0.19,-0.02
3645968,-0.15,-3.83,9.28,9.4375,-1.1875,-2.3125,-2.75,-0.75,22.62,0.98,0.01,-0.2,-0.02
3681688,-0.14,-3.86,9.28,6.1875,-0.5625,-0.5625,-2.75,-0.75,22.87,0.98,0.01,-0.2,-0.02
3716204,-0.14,-3.84,9.29,2.4375,-0.9375,-2.0625,-2.88,-0.75,23,0.98,0.01,-0.2,-0.02
3751896,-0.16,-3.95,9.26,-0.75,-0.6875,-2.0625,-2.94,-0.75,23,0.98,0.01,-0.2,-0.03
3786052,-0.16,-3.82,9.3,-7.6875,-0.125,-0.3125,-2.94,-0.75,22.81,0.98,0.01,-0.2,-0.03
3821752,-0.12,-3.78,9.31,-7.875,-0.0625,0.125,-2.94,-0.75,22.56,0.98,0.01,-0.2,-0.03
3855972,-0.14,-3.76,9.34,-13.125,0.125,-0.0625,-2.94,-0.75,22.31,0.98,0.01,-0.19,-0.03
3891540,-0.13,-3.57,9.36,-17.3125,1.0625,2.4375,-2.88,-0.75,21.69,0.98,0.01,-0.19,-0.03
3926052,-0.17,-3.69,9.39,-12.5,1.75,3.875,-2.81,-0.75,21.37,0.98,0.01,-0.18,-0.02
3960940,-0.15,-3.5,9.44,-22.3125,3.125,6.75,-2.56,-0.75,20.62,0.98,0.01,-0.18,-0.02
3996168,-0.11,-3.37,9.5,-21.375,1.5625,2.75,-2.44,-0.75,20,0.98,0.01,-0.17,-0.02
4029756,-0.13,-3.31,9.52,-25.75,1.0625,2.625,-2.31,-0.69,19.12,0.99,0.01,-0.17,-0.02
4065552,-0.12,-3.1,9.57,-31.375,1.25,2.625,-2.25,-0.69,18.25,0.99,0.01,-0.16,-0.02
4100392,-0.13,-2.93,9.61,-32.125,0.375,0.8125,-2.19,-0.69,17.06,0.99,0.01,-0.15,-0.02
4135888,-0.11,-2.67,9.69,-31.5,1.5625,3.375,-2.13,-0.69,16.12,0.99,0.01,-0.14,-0.02
4170532,-0.12,-2.6,9.74,-30.3125,1.6875,4.25,-1.94,-0.69,14.94,0.99,0.01,-0.13,-0.02
4206760,-0.11,-2.34,9.78,-30.9375,1.375,4.1875,-1.81,-0.63,14.06,0.99,0.01,-0.12,-0.02
4241620,-0.1,-2.23,9.84,-29.4375,1.3125,3.75,-1.69,-0.63,12.88,0.99,0.01,-0.11,-0.01
4277400,-0.11,-2.07,9.88,-37.0625,1.5625,5.125,-1.56,-0.63,11.88,0.99,0.01,-0.1,-0.01
4312892,-0.11,-1.83,9.93,-34.75,1.625,6.125,-1.31,-0.63,10.5,1,0.01,-0.09,-0.01
4348568,-0.08,-1.66,9.95,-39.1875,1,4.25,-1.19,-0.63,9.44,1,0.01,-0.08,-0.01
4383736,-0.11,-1.33,9.98,-33.5625,1.125,4.75,-1,-0.56,8,1,0.01,-0.07,-0.01
4419320,-0.13,-1.18,10.02,-30.375,1.25,6.8125,-0.81,-0.56,7.06,1,0.01,-0.06,-0.01
4453528,-0.06,-0.93,10.08,-29.875,1.0625,5.875,-0.56,-0.56,5.88,1,0.01,-0.05,-0.01
4489352,-0.07,-0.88,10.07,-34.25,1.4375,9.5625,-0.37,-0.56,4.94,1,0.01,-0.04,0
4523652,-0.08,-0.67,10.09,-36.3125,0.4375,3,-0.06,-0.5,3.56,1,0,-0.03,0
4559868,-0.06,-0.4,10.1,-32.375,0.5625,0.1875,-0.06,-0.5,2.56,1,0,-0.02,0
4593916,-0.06,-0.23,10.1,-24.8125,0.5,4.3125,0,-0.5,1.5,1,0,-0.01,0
4629568,-0.05,-0.13,10.12,-21.4375,0.1875,5.625,0.189999999999998,-0.5,0.88,1,0,-0.01,0
4664928,0,0.06,10.1,-23.875,0.25,8.125,0.439999999999998,-0.5,0,1,0,0,0
4700660,-0.04,0.12,10.09,-27,0.125,4.125,0.620000000000004,-0.5,-0.75,1,0,0.01,0.01
4734264,-0.03,0.28,10.09,-19.3125,0.0625,0.6875,0.620000000000004,-0.5,-1.69,1,0,0.01,0.01
4770008,-0.03,0.37,10.09,-13.8125,0.0625,3.125,0.75,-0.5,-2.13,1,0,0.02,0.01
4804168,-0.04,0.47,10.09,-14.625,-0.125,2.5,0.810000000000002,-0.5,-2.5,1,0,0.02,0.01
4838804,-0.03,0.62,10.08,-19.25,0.0625,1.5,0.870000000000004,-0.5,-3.19,1,0,0.03,0.01
4873880,-0.06,0.69,10.07,-12.1875,-0.875,0.1875,0.939999999999998,-0.5,-3.63,1,0.01,0.03,0.01
4908632,-0.08,0.67,10.08,-3.75,-0.6875,-1.1875,0.939999999999998,-0.56,-3.88,1,0.01,0.03,0.01
4944064,-0.03,0.75,10.08,-5.9375,0.6875,-2.625,0.870000000000004,-0.56,-4.06,1,0.01,0.04,0.01
4979284,-0.11,0.56,10.24,-11,4.0625,-2.0625,0.75,-0.5,-4.31,1,0,0.04,0.01
5014744,-0.06,0.8,10.13,-3.9375,-4.5625,-3.4375,0.689999999999998,-0.5,-4.56,1,0.01,0.04,0.01
5050396,0.02,0.8,10.09,-0.6875,0,-1,0.620000000000004,-0.56,-4.69,1,0.01,0.04,0
5085696,-0.07,0.84,10.06,0.0625,-0.1875,-0.375,0.560000000000002,-0.56,-4.69,1,0.01,0.04,0
5120460,-0.05,0.83,10.07,0.25,-0.0625,-0.1875,0.560000000000002,-0.56,-4.69,1,0.01,0.04,0
5155948,-0.03,0.85,10.05,0.1875,-0.0625,-0.125,0.560000000000002,-0.56,-4.69,1,0.01,0.04,0
5190452,-0.04,0.87,10.06,0.125,-0.125,-0.1875,0.560000000000002,-0.56,-4.69,1,0.01,0.04,0
5226356,-0.05,0.83,10.06,0.0625,-0.0625,-0.0625,0.560000000000002,-0.56,-4.69,1,0.01,0.04,0
5261040,-0.03,0.85,10.07,0.125,-0.0625,-0.1875,0.560000000000002,-0.56,-4.69,1,0.01,0.04,0
5296820,-0.05,0.84,10.06,0.25,-0.25,-0.125,0.560000000000002,-0.56,-4.69,1,0.01,0.04,0
5331316,-0.06,0.85,10.09,0,-0.0625,-0.0625,0.560000000000002,-0.56,-4.69,1,0.01,0.04,0
5367384,-0.03,0.85,10.08,-0.125,0,-0.0625,0.560000000000002,-0.56,-4.69,1,0.01,0.04,0
5401884,-0.05,0.83,10.07,0.125,-0.125,-0.0625,0.560000000000002,-0.56,-4.69,1,0.01,0.04,0
5437748,-0.04,0.82,10.09,0,-0.1875,-0.0625,0.560000000000002,-0.56,-4.69,1,0.01,0.04,0
5472440,-0.04,0.85,10.06,0.3125,-0.0625,0.0625,0.560000000000002,-0.56,-4.69,1,0.01,0.04,0
5508392,-0.04,0.84,10.07,0.125,-0.125,0.0625,0.560000000000002,-0.56,-4.69,1,0.01,0.04,0
5542624,-0.04,0.85,10.07,0.25,0.0625,-0.1875,0.560000000000002,-0.56,-4.69,1,0.01,0.04,0
5578680,-0.04,0.85,10.05,0.375,-0.1875,-0.125,0.560000000000002,-0.56,-4.69,1,0.01,0.04,0
5613380,-0.04,0.84,10.05,0.375,-0.0625,-0.125,0.560000000000002,-0.56,-4.69,1,0.01,0.04,0
5649100,-0.03,0.83,10.08,0.1875,-0.125,-0.25,0.560000000000002,-0.56,-4.69,1,0.01,0.04,0
5683432,-0.04,0.82,10.08,0.1875,-0.1875,0,0.560000000000002,-0.56,-4.69,1,0.01,0.04,0
5719564,-0.05,0.84,10.07,0.1875,-0.3125,0,0.560000000000002,-0.56,-4.69,1,0.01,0.04,0
5754736,-0.03,0.85,10.08,0.0625,-0.1875,-0.0625,0.560000000000002,-0.56,-4.69,1,0.01,0.04,0
5790804,-0.06,0.85,10.07,0.1875,-0.1875,-0.1875,0.560000000000002,-0.56,-4.69,1,0.01,0.04,0
5826108,-0.04,0.84,10.07,0.25,-0.1875,0,0.560000000000002,-0.56,-4.69,1,0.01,0.04,0
5861932,-0.05,0.84,10.08,-0.0625,0,-0.0625,0.560000000000002,-0.56,-4.69,1,0.01,0.04,0
5897092,0.17,0.72,10.8,-1.625,-0.625,16,0.939999999999998,-0.5,-4.75,1,0.01,0.04,0.01
5932636,-0.33,0.85,10.68,-26.625,0.125,16.125,1.31,-0.5,-5.06,1,0.01,0.05,0.01
5968380,0.01,1.01,9.51,-0.125,-0.1875,0.25,1.56,-0.44,-5.44,1,0.01,0.05,0.01
6004088,-0.01,0.98,9.94,-1.125,0.25,-0.125,1.56,-0.44,-5.44,1,0.01,0.05,0.01
6039232,-0.03,0.95,10.4,-2,0.4375,0,1.56,-0.44,-5.5,1,0.01,0.05,0.01
6074296,-0.01,0.98,10.4,-8.125,0.1875,0.125,1.56,-0.44,-5.63,1,0.01,0.05,0.01
6109524,-0.26,1.13,9.92,-11.5,0.25,0.8125,1.62,-0.44,-6,1,0.01,0.05,0.01
6144976,-0.68,1.2,10.3,-14.0625,-1.125,12.5625,1.81,-0.44,-6.38,1,0.01,0.06,0.02
6180624,0.06,1.23,10.03,-18,0.3125,-0.9375,2.06,-0.44,-7,1,0.01,0.06,0.02
6215812,0.05,1.39,9.6,-18.125,0.625,-1.8125,1.94,-0.44,-7.56,1,0.01,0.07,0.02
6250712,-0.02,1.4,10.47,-16,0.1875,0.1875,1.94,-0.44,-8.19,1,0.01,0.07,0.02
6286116,0,1.44,10.68,-29.5,0.5625,-0.25,1.94,-0.44,-8.81,1,0.01,0.08,0.02
6321528,0.58,1.61,10.18,-39.8125,1.4375,-5.4375,1.81,-0.44,-10.19,1,0.01,0.09,0.02
6356756,-0.68,2.07,9.66,-38.5,0.75,-1.0625,1.56,-0.44,-11.38,0.99,0.01,0.1,0.01
6392060,0.08,2.17,10.45,-38.125,0.5625,-0.0625,1.56,-0.37,-12.81,0.99,0.01,0.11,0.01
6427348,-0.11,2.23,10.2,-56.375,3.0625,-9.0625,1.37,-0.37,-14.19,0.99,0.01,0.13,0.01
6462904,0.02,2.8,9.41,-53.9375,0.8125,0.0625,1.25,-0.37,-16.31,0.99,0,0.14,0.01
6498040,0.12,3.06,9.11,-43.375,1.125,-1.5625,1.25,-0.37,-17.81,0.99,0,0.16,0.01
6533360,0.63,3.42,9.87,-48.4375,1.5,-0.625,1.19,-0.31,-19.5,0.99,0,0.17,0.01
6568788,-1.01,3.3,8.45,-49.625,1.375,-1.8125,1,-0.31,-21.12,0.98,0,0.19,0.01
6604384,0.02,3.84,9.42,-45.3125,0.875,0.125,0.939999999999998,-0.25,-22.87,0.98,0,0.2,0.01
6639632,-0.79,3.96,8.71,-42.9375,4.3125,-8.8125,0.939999999999998,-0.25,-24.25,0.98,0,0.21,0.01
6675200,0.05,4.29,9.13,-36.75,0.8125,0.0625,0.689999999999998,-0.25,-25.75,0.97,0,0.22,0.01
6710308,0.15,4.54,8.94,-35.25,0.6875,-0.1875,0.689999999999998,-0.19,-26.87,0.97,0,0.24,0.01
6745888,-0.92,4.53,8.56,-34.5,7.5625,-13.125,0.5,-0.19,-28.19,0.97,0,0.24,0
6781428,0.13,4.84,9.25,-28.4375,0.875,-0.3125,0.189999999999998,-0.19,-29.06,0.97,0,0.25,0
6817668,0.05,5.08,8.24,-34.3125,4,-6.0625,0.060000000000002,-0.19,-30.31,0.97,0,0.26,0
6852172,-0.17,5.1,8.53,-24,5.125,-7.5,-0.12,-0.12,-31.19,0.96,0,0.27,0
6887548,0.03,5.24,8.48,-22,2.625,-3.5,-0.44,-0.12,-32.06,0.96,0,0.28,0
6922652,0.18,5.35,8.8,-18.5,0.5625,-0.625,-0.56,-0.12,-32.63,0.96,0,0.28,-0.01
6958180,0.06,5.41,8.78,-25.875,1.1875,-0.5,-0.63,-0.12,-33.5,0.96,0,0.29,-0.01
6993320,0.07,5.62,7.83,-21.0625,0.3125,0,-0.63,-0.12,-34.31,0.95,0,0.3,-0.01
7029464,0.08,5.64,8.39,-13.125,0.25,0.0625,-0.63,-0.12,-34.94,0.95,0,0.3,-0.01
7063808,0.07,5.73,8.14,-13.875,0.375,-0.0625,-0.63,-0.12,-35.38,0.95,0,0.31,-0.01
7098908,0.36,5.89,8.17,-17.5,2.375,-2.625,-0.63,-0.06,-35.94,0.95,0,0.31,-0.01
7134060,0.23,5.92,8.45,-16.0625,0.5,-0.3125,-0.75,-0.06,-36.44,0.95,0,0.31,-0.01
7169564,-0.9,5.87,6.87,-23.3125,5.9375,-7,-0.94,-0.06,-37.19,0.95,0,0.32,-0.01
7204456,-0.23,5.92,8.33,-17.75,2,-2.625,-1,-0.06,-37.63,0.95,0,0.32,-0.01
7239876,0.11,6.12,7.49,-21.125,0.3125,0.4375,-1.06,-0.06,-38.44,0.94,0,0.33,-0.01
7275024,0.07,6.23,7.63,-16.125,0.375,-0.0625,-1.06,-0.06,-38.94,0.94,0,0.34,-0.01
7310292,0.08,6.31,7.51,-11.3125,0,0,-1.06,-0.06,-39.5,0.94,0,0.34,-0.01
7345544,0.08,6.36,7.22,0.625,0.125,0,-1.06,-0.06,-39.69,0.94,0,0.34,-0.01
7379608,0.08,6.3,7.47,8.1875,-0.3125,0,-1.06,-0.06,-39.56,0.94,0,0.34,-0.01
7415372,0.08,6.23,7.83,15.9375,-0.0625,-0.0625,-1,0,-39.19,0.94,0,0.33,-0.01
7450748,0.07,6.13,7.77,16.3125,-0.0625,-0.0625,-1,0,-38.56,0.94,0,0.33,-0.01
7486424,0.08,6.02,8.07,18.5,-0.3125,0,-1,0,-38.06,0.95,0,0.32,-0.01
7521392,0.94,6.2,8.03,16.625,0.125,-0.4375,-1,0,-37.38,0.95,0,0.32,-0.01
7557004,0.09,5.88,8.19,23,-0.0625,-0.3125,-1.19,0,-36.81,0.95,0,0.31,-0.01
7592044,0.74,6,8.05,18.8125,0.9375,-1.625,-1.19,0,-36,0.95,0,0.31,-0.01
7627676,0.18,5.72,8.41,22.6875,2.0625,-3.5,-1.31,0,-35.44,0.95,0,0.3,-0.01
7662048,0.07,5.62,7.94,22.3125,-0.25,-0.0625,-1.44,0,-34.63,0.95,0,0.3,-0.01
7697832,0.07,5.48,8.04,33.75,-0.5625,0,-1.44,0,-33.81,0.96,0,0.29,-0.01
7733108,0.07,5.23,8.48,38.4375,-0.75,0,-1.44,-0.06,-32.38,0.96,0,0.28,-0.01
7768588,0.06,5.08,8.17,43.9375,-0.5625,-0.375,-1.44,-0.06,-31.25,0.96,0,0.27,-0.01
7803656,0.03,4.73,8.97,48.8125,-0.1875,-0.4375,-1.37,-0.06,-29.44,0.97,0,0.25,-0.01
7839432,0.06,4.51,8.83,50.1875,-0.5,-0.375,-1.37,-0.06,-28,0.97,0,0.24,-0.01
7874684,0.94,4.53,9.04,48.3125,2.1875,-6.375,-1.5,-0.06,-26.12,0.97,0,0.23,-0.01
7910200,-0.52,3.8,9.2,52.1875,5.625,-13.875,-2,-0.06,-24.69,0.98,0,0.21,-0.02
7945524,0.08,3.8,9.42,46.375,1.375,-5.0625,-2.38,-0.12,-22.75,0.98,0,0.2,-0.02
7980960,-1.03,3.35,9.39,44.6875,0.25,-1.75,-2.56,-0.12,-21.5,0.98,0,0.18,-0.02
8016176,0.3,3.24,9.51,34.6875,-2.8125,6.3125,-2.38,-0.12,-19.87,0.98,0,0.17,-0.02
8051592,0.08,3.14,9.36,36.4375,-1.25,2.5,-2.31,-0.12,-18.94,0.99,0,0.16,-0.02
8086672,-0.7,3.01,10.25,34.3125,-1.5625,3.0625,-2.25,-0.19,-17.5,0.99,0,0.15,-0.02
8122236,0.35,2.74,9.42,25.625,-2.6875,8.5,-1.94,-0.19,-16.75,0.99,0,0.14,-0.02
8157396,0.03,2.6,9.68,35.3125,-0.5625,-0.125,-1.81,-0.19,-15.63,0.99,0,0.14,-0.02
8192892,0,2.43,9.51,40.0625,-0.6875,-0.1875,-1.75,-0.19,-14.5,0.99,0,0.12,-0.02
8228008,-0.01,2.13,9.91,40.6875,-0.8125,-0.0625,-1.75,-0.25,-12.94,0.99,0,0.11,-0.02
8263468,0,1.93,10.03,36.625,-0.5625,-0.0625,-1.75,-0.25,-11.81,0.99,0,0.1,-0.02
8298836,-0.01,1.69,10.03,39.3125,-0.4375,-0.3125,-1.75,-0.25,-10.31,1,0,0.09,-0.02
8334284,0.01,1.69,9.42,4.125,-0.0625,-0.0625,-1.75,-0.25,-9.75,1,0,0.09,-0.02
8368584,-0.81,1.74,9.77,10.5625,-0.3125,1.625,-1.75,-0.25,-9.44,1,0,0.08,-0.02
8404392,0.81,1.39,9.44,18.875,3,5.3125,-1.5,-0.19,-9,1,0,0.08,-0.01
8439184,0,1.35,9.68,28.125,8.3125,-1.1875,-1.5,0,-8.06,1,0,0.07,-0.01
8474884,0.11,1.28,8.14,56.5,14.6875,0.4375,-1.56,0.25,-7.06,1,0,0.06,-0.01
8510072,1.23,1.46,1.79,-12.875,-10.75,5.4375,-1.5,0.5,-5.5,1,-0.01,0.05,-0.01
8545808,-0.06,1.15,8.53,-0.625,-3.875,-1.75,-1.5,0.31,-5.38,1,0,0.05,-0.01
8580788,0,0.82,10.22,0.5625,-5.5625,-0.6875,-1.56,0.19,-5.06,1,0,0.04,-0.01
8616464,-0.02,0.85,10.11,0.6875,-3.25,-0.125,-1.56,0,-5.06,1,0,0.04,-0.01
8650916,0,0.86,10.09,0.125,-1,0.125,-1.56,0,-5.06,1,0,0.04,-0.01
8686752,0.02,0.84,10.05,0,0.3125,0.0625,-1.56,0,-5.06,1,0,0.04,-0.01
8721160,0,0.87,10.12,-0.25,1.6875,0.125,-1.56,0,-5.06,1,0,0.04,-0.01
8756716,-0.06,0.9,10.09,-0.4375,3.75,0.375,-1.56,0.06,-5.06,1,0,0.04,-0.01
8790732,0.02,0.85,10.09,-0.625,7.0625,4.1875,-1.5,0.31,-5.06,1,0,0.04,-0.01
8826260,-0.36,0.95,10.41,-0.625,7.9375,5.375,-1.37,0.5,-5.06,1,-0.01,0.04,-0.01
8861364,0.72,0.74,9.95,-0.9375,22.125,10.6875,-0.94,1.31,-5.13,1,-0.01,0.04,-0.01
8897592,0.03,0.96,10.14,0.5625,16.9375,1.8125,-0.88,1.81,-5.13,1,-0.02,0.04,-0.01
8932792,0.69,0.77,10.03,0.25,23,8.9375,-0.63,2.63,-5.13,1,-0.02,0.04,-0.01
8969068,0.12,0.97,10.2,0.5,24.4375,3.125,-0.5,3.31,-5.13,1,-0.03,0.04,0
9004528,0.74,0.89,9.99,0.8125,37.125,4.4375,-0.37,4.63,-5.06,1,-0.04,0.04,0
9040228,1.33,0.76,9.88,0.6875,34.0625,4.9375,-0.25,5.69,-5.06,1,-0.05,0.04,0
9074652,0.57,0.99,10.24,1.6875,33.4375,-1.375,-0.31,6.94,-5.06,1,-0.06,0.04,0
9110512,1.23,0.9,9.97,-0.25,51.3125,14.0625,-0.12,8.31,-5,1,-0.08,0.04,0
9145708,1.94,0.77,9.82,-2.375,59.9375,21.875,0.5,10.5,-5,0.99,-0.09,0.04,0
9181460,2.25,0.79,9.65,1.8125,44.5,0.4375,0.75,12.06,-4.94,0.99,-0.11,0.04,0.01
9216396,2.78,0.72,9.53,2.1875,55.75,-1.5,0.689999999999998,14,-4.94,0.99,-0.12,0.04,0.01
9252104,2.33,0.9,9.72,3.3125,57.4375,-3.8125,0.370000000000005,15.56,-4.88,0.99,-0.14,0.04,0
9287372,3.13,0.81,9.28,0.6875,63.4375,5.6875,0.370000000000005,18,-4.88,0.99,-0.16,0.04,0
9323004,3.34,0.78,9.35,0.75,53.9375,4.5625,0.439999999999998,19.56,-4.88,0.98,-0.17,0.04,0
9358112,3.69,0.79,9.21,0.6875,57.3125,4.5625,0.560000000000002,21.75,-4.81,0.98,-0.19,0.04,0
9393644,3.87,0.8,9.12,0.375,60.5625,5.625,0.560000000000002,23.5,-4.81,0.98,-0.21,0.04,0.01
9428796,4.34,0.71,8.85,-7.8125,65.75,21.625,1,25.87,-4.81,0.97,-0.22,0.04,0.01
9464336,4.84,0.67,8.54,-3.875,59.0625,13.625,1.56,27.75,-4.81,0.97,-0.24,0.04,0.01
9499652,5,0.73,8.38,-0.625,47.1875,5.5,1.87,29.81,-4.81,0.97,-0.26,0.04,0.02
9535104,4.81,0.78,8.7,-3.8125,49,11.4375,2,31.12,-4.81,0.96,-0.27,0.04,0.02
9570496,5.8,0.61,7.89,-6.0625,57.625,15,2.5,33.25,-4.81,0.96,-0.29,0.04,0.02
9605756,5.84,0.67,7.81,-1.25,50,6.1875,2.75,34.88,-4.75,0.95,-0.3,0.04,0.02
9641048,5.43,0.74,8.27,-2.25,40.5625,7.25,2.94,36.56,-4.75,0.95,-0.31,0.04,0.02
9676356,6.34,0.59,7.42,-4.25,51.3125,9.875,3.31,38.06,-4.75,0.94,-0.33,0.04,0.03
9711804,6.29,0.63,7.58,-2.625,43.3125,6.875,3.62,39.88,-4.75,0.94,-0.34,0.04,0.03
9747004,6.71,0.6,7.04,-2.625,36,5.8125,3.81,41.19,-4.75,0.93,-0.35,0.05,0.03
9780444,6.61,0.62,7.24,-1.625,24.9375,4.5,4,42.31,-4.75,0.93,-0.36,0.05,0.03
9816220,6.78,0.62,7.01,-3.0625,20.1875,4.9375,4.12,43,-4.75,0.93,-0.37,0.05,0.03
9850432,6.9,0.58,6.93,-4.125,22.125,6.0625,4.31,43.75,-4.75,0.93,-0.37,0.05,0.03
9886328,7.05,0.57,6.69,-1.5,16.375,2.8125,4.5,44.38,-4.75,0.92,-0.38,0.05,0.04
9920544,6.95,0.58,6.87,0,4.9375,0.375,4.5,44.69,-4.75,0.92,-0.38,0.05,0.04
9956284,6.92,0.58,6.91,0.3125,8.5625,0.4375,4.5,44.88,-4.75,0.92,-0.38,0.05,0.04
9991572,7.14,0.57,6.66,-0.125,16.75,1.4375,4.5,45.5,-4.75,0.92,-0.39,0.05,0.04
10027396,7.05,0.59,6.74,0.4375,9.375,0.1875,4.5,45.81,-4.75,0.92,-0.39,0.05,0.04
10061700,7.04,0.56,6.75,1,7.5,-0.375,4.5,46.13,-4.81,0.92,-0.39,0.05,0.04
10097548,7.05,0.56,6.76,-0.0625,3.5625,0.25,4.5,46.31,-4.81,0.92,-0.39,0.05,0.04
10131716,7.17,0.56,6.6,-0.4375,11.9375,1.4375,4.5,46.63,-4.81,0.92,-0.39,0.05,0.04
10167560,7.24,0.57,6.53,-0.3125,10.5625,1.375,4.56,47,-4.81,0.92,-0.4,0.05,0.04
10202492,7.24,0.56,6.56,0.25,4.4375,-0.0625,4.56,47.19,-4.81,0.91,-0.4,0.05,0.04
10238628,7.32,0.54,6.43,-0.0625,4.75,0.1875,4.56,47.38,-4.81,0.91,-0.4,0.05,0.04
10273224,7.28,0.56,6.48,-0.1875,2.9375,0.375,4.56,47.5,-4.81,0.91,-0.4,0.05,0.04
10309100,7.32,0.55,6.44,-0.375,5.625,0.8125,4.56,47.63,-4.81,0.91,-0.4,0.05,0.04
10343796,7.35,0.53,6.42,-0.125,1.0625,0.125,4.56,47.69,-4.81,0.91,-0.4,0.05,0.04
10379724,7.3,0.55,6.44,0.375,2.6875,-0.3125,4.56,47.81,-4.81,0.91,-0.4,0.05,0.04
10414220,7.38,0.54,6.37,-0.125,1,0.3125,4.56,47.88,-4.81,0.91,-0.4,0.05,0.04
10450048,7.32,0.56,6.48,-0.125,-2.6875,-0.3125,4.56,47.81,-4.81,0.91,-0.4,0.05,0.04
10484436,7.22,0.58,6.56,0.25,1.9375,-0.5625,4.56,47.81,-4.81,0.91,-0.4,0.05,0.04
10519948,7.35,0.57,6.37,0.125,2.6875,0,4.5,47.94,-4.88,0.91,-0.41,0.05,0.04
10554720,7.39,0.55,6.34,0.4375,-7.6875,-1.4375,4.56,47.88,-4.88,0.91,-0.4,0.05,0.04
10588820,7.29,0.57,6.44,2.375,-18.6875,-4.1875,4.44,47.44,-4.88,0.91,-0.4,0.05,0.04
10624540,7.24,0.56,6.52,2.375,-29.125,-5.25,4.31,46.75,-4.88,0.92,-0.39,0.05,0.03
10659584,6.87,0.6,6.92,4.8125,-32.125,-7.3125,4,45.56,-4.88,0.92,-0.39,0.05,0.03
10695164,6.89,0.61,6.9,-0.0625,-33,-3.0625,3.87,44.63,-4.88,0.92,-0.38,0.05,0.03
10729356,6.85,0.58,6.94,1.375,-43.75,-5.625,3.75,43.13,-4.94,0.93,-0.37,0.05,0.03
10765416,6.49,0.64,7.33,1.1875,-46.5625,-5.875,3.56,41.75,-4.94,0.93,-0.35,0.05,0.03
10800656,6.36,0.64,7.43,-0.75,-44.5,-3.5625,3.44,40,-4.94,0.94,-0.34,0.05,0.03
10836452,6.18,0.67,7.62,-0.4375,-43,-3.625,3.37,38.69,-4.94,0.94,-0.33,0.05,0.03
10870556,5.9,0.68,7.87,-0.5625,-43.5625,-3.5,3.31,37,-4.94,0.95,-0.32,0.05,0.03
10906496,5.85,0.68,7.87,-0.875,-43.4375,-3.3125,3.25,35.81,-4.94,0.95,-0.3,0.05,0.03
10941720,5.5,0.71,8.14,-0.4375,-51.4375,-4.3125,3.19,33.94,-4.94,0.96,-0.29,0.05,0.03
10977544,4.61,0.82,8.81,-4.25,-63.25,0.1875,3.12,32.31,-5,0.96,-0.27,0.05,0.03
11011832,4.91,0.75,8.48,-3.75,-49.5625,0.75,3.37,30.19,-5,0.96,-0.26,0.05,0.03
11047776,4.82,0.73,8.53,-0.875,-51.0625,-4.0625,3.31,28.69,-5,0.97,-0.24,0.05,0.03
11082848,4.36,0.75,8.89,-0.5625,-69.4375,-5.3125,3.25,26.37,-5,0.97,-0.23,0.05,0.03
11118792,3.92,0.8,9.17,-1.3125,-60,-3.5625,3.19,24.37,-5.06,0.98,-0.21,0.05,0.03
11154192,3.83,0.79,9.12,-1,-49.25,-4.125,3.12,22.19,-5.06,0.98,-0.19,0.05,0.03
11189748,3.52,0.79,9.23,0.25,-59.375,-7.3125,3,20.62,-5.06,0.98,-0.17,0.05,0.03
11225120,3.04,0.82,9.58,-0.8125,-59.4375,-4.5625,2.94,18.31,-5.13,0.99,-0.16,0.05,0.02
11260448,2.96,0.8,9.46,-0.125,-58.75,-6.625,2.87,16.69,-5.13,0.99,-0.14,0.05,0.02
11294908,2.35,0.83,9.66,-0.75,-60,-4.6875,2.75,14.38,-5.13,0.99,-0.12,0.05,0.02
11330668,2.05,0.84,9.88,-0.8125,-54.25,-3.75,2.69,12.69,-5.19,0.99,-0.11,0.05,0.02
11365904,1.86,0.84,9.79,-0.875,-45.375,-3.25,2.62,10.75,-5.19,0.99,-0.09,0.05,0.02
11401588,1.59,0.85,9.9,-0.625,-52.25,-4.5,2.62,9.31,-5.19,1,-0.08,0.05,0.02
11436640,1.09,0.88,10.14,-0.4375,-44.875,-3.75,2.5,7.44,-5.19,1,-0.06,0.05,0.02
11472128,0.95,0.86,10.08,-0.625,-36.375,-2.1875,2.5,6.25,-5.25,1,-0.05,0.05,0.02
11507388,0.76,0.87,10.11,-0.8125,-26.25,-1.875,2.44,5,-5.25,1,-0.04,0.05,0.02
11542900,0.72,0.85,10.06,-0.625,-21.9375,-0.25,2.44,4.38,-5.25,1,-0.04,0.05,0.02
11577268,0.6,0.85,10.08,-0.3125,-24,-0.4375,2.5,3.5,-5.25,1,-0.03,0.05,0.02
11613124,0.46,0.86,10.08,-0.25,-18.6875,-1.9375,2.5,2.81,-5.25,1,-0.02,0.05,0.02
11647280,0.3,0.84,10.07,0.125,-20.75,-6.1875,2.37,2.06,-5.25,1,-0.02,0.05,0.02
11683360,0.11,0.96,9.68,1.75,-29.8125,-12.3125,2.19,1.31,-5.25,1,-0.01,0.05,0.02
11718760,-0.05,0.86,10.21,2.25,-26.5,-2.0625,1.94,0.25,-5.13,1,0,0.05,0.02
11754476,0,0.85,10.09,-0.125,-3.6875,1.625,2,0,-5.13,1,0,0.04,0.02
11788848,-0.01,0.85,10.15,0.0625,-3.0625,0.1875,2,-0.12,-5.13,1,0,0.04,0.02
11824824,0,0.84,10.12,0,-0.1875,0.0625,2,-0.19,-5.13,1,0,0.04,0.02
11859524,0,0.85,10.08,0.0625,-0.125,-0.0625,2,-0.19,-5.13,1,0,0.04,0.02
11895448,0,0.82,10.07,0,0.125,0,2,-0.19,-5.13,1,0,0.04,0.02
11930120,-0.01,0.84,10.11,-0.0625,-0.125,0.1875,2,-0.19,-5.13,1,0,0.04,0.02
11965948,-0.01,0.84,10.08,0.0625,-0.375,-0.0625,2,-0.19,-5.13,1,0,0.04,0.02
11999884,0,0.84,10.09,-0.0625,-0.0625,-0.25,2,-0.19,-5.13,1,0,0.04,0.02
12035756,0,0.85,10.09,0,-0.1875,-0.125,2,-0.19,-5.13,1,0,0.04,0.02
12070076,0,0.85,10.09,0,0.125,0,2,-0.19,-5.13,1,0,0.04,0.02
12106016,-0.17,0.82,10.09,0,0,0.0625,2,-0.19,-5.06,1,0,0.04,0.02
12141304,0.43,0.9,10.09,0.0625,-0.9375,11.6875,2.31,-0.19,-5.06,1,0,0.04,0.02
12177544,-0.31,0.76,10.12,-0.1875,-1.0625,3.5,2.44,-0.19,-5.06,1,0,0.04,0.02
12212912,0.24,0.87,10.32,-0.8125,-7.3125,6.1875,2.75,-0.31,-5.13,1,0,0.04,0.02
12248776,0.05,0.83,10.19,-1.4375,-15.75,2.4375,2.87,-0.63,-5.13,1,0.01,0.04,0.02
12284040,-0.27,0.82,10.4,-3.125,-34.5625,5.4375,3.06,-1.56,-5.25,1,0.02,0.05,0.03
12319652,-0.44,0.84,10.38,-1.25,-78,-6.75,3.06,-3.25,-5.25,1,0.04,0.05,0.03
12354884,-0.67,1.03,9.89,-1.3125,-66.6875,-10.125,2.87,-6.13,-5.25,1,0.05,0.04,0.02
12390364,-1.57,0.73,10.16,-1.6875,-74.6875,-12.5,2.5,-8.06,-5.31,1,0.08,0.04,0.02
12425696,-1.63,0.87,10.31,-1.1875,-97.1875,-7.625,2.31,-11.38,-5.38,0.99,0.1,0.04,0.02
12461292,-2.69,0.8,9.18,-1.25,-102.4375,-8.5,2.19,-14.63,-5.38,0.99,0.14,0.04,0.02
12496956,-3.04,0.86,9.32,-1.75,-50.9375,-8.5625,2,-17.56,-5.44,0.99,0.15,0.04,0.02
12532180,-2.81,0.9,10.05,0.5,-25.9375,-0.75,1.94,-18.56,-5.44,0.99,0.16,0.04,0.02
12567956,-3.15,0.86,9.89,-1.0625,-61.5,-4.9375,1.87,-20.19,-5.5,0.98,0.18,0.04,0.02
12602948,-3.9,0.78,9.12,-1.4375,-64,-6.8125,1.81,-22.25,-5.56,0.98,0.2,0.04,0.01
12638912,-3.6,0.94,9.47,-2.6875,-53.4375,-9.125,1.56,-24.5,-5.56,0.98,0.21,0.04,0.01
12674096,-4.52,0.7,9.11,-11.1875,-67.5625,-25.4375,1.06,-26.25,-5.63,0.97,0.23,0.04,0.01
12710088,-5.07,0.67,8.58,-5.9375,-65.375,-14.6875,0.310000000000002,-28.94,-5.69,0.97,0.25,0.04,0
12744560,-5,0.78,8.72,-6.8125,-60,-14.4375,0,-30.69,-5.75,0.96,0.27,0.05,0
12780768,-5.69,0.65,8.14,-7.125,-46.1875,-13.5,-0.56,-32.81,-5.81,0.96,0.28,0.05,-0.01
12815816,-5.71,0.65,8.35,-6.5,-37.375,-11,-0.94,-33.88,-5.81,0.95,0.29,0.05,-0.01
12852028,-5.59,0.72,8.54,-0.5625,-31.5625,-2.9375,-1.19,-35.25,-5.88,0.95,0.3,0.05,-0.01
12887056,-5.85,0.7,8.34,-1.5625,-51.875,-4.625,-1.25,-36.88,-5.88,0.95,0.32,0.05,-0.01
12923284,-6.16,0.66,8,-0.5625,-58.75,-4.25,-1.31,-38.56,-5.94,0.94,0.34,0.05,-0.01
12958492,-6.4,0.72,7.61,4.4375,-43,2.0625,-1.25,-40.63,-6,0.94,0.35,0.05,-0.01
12994324,-6.6,0.64,7.6,-0.8125,-23.0625,-2.1875,-1.25,-41.44,-6.06,0.93,0.36,0.05,-0.01
13029544,-6.53,0.67,7.74,-1,-27.875,-2.375,-1.25,-42.31,-6.06,0.93,0.36,0.05,-0.01
13065640,-6.68,0.67,7.48,-2.25,-31.25,-3.875,-1.37,-43.19,-6.13,0.93,0.37,0.05,-0.01
13100884,-7.03,0.6,7.14,-3.5,-25.75,-5.25,-1.56,-44.31,-6.13,0.92,0.38,0.05,-0.01
13136716,-6.98,0.63,7.31,-0.5,-21.375,-2.0625,-1.63,-44.94,-6.19,0.92,0.38,0.05,-0.01
13170756,-7.11,0.61,7.09,-0.6875,-23.375,-2,-1.69,-45.75,-6.13,0.92,0.39,0.05,-0.01
13206504,-7.13,0.62,7.14,-0.0625,-16.625,-1.0625,-1.75,-46.31,-6.13,0.92,0.39,0.05,-0.01
13240704,-7.23,0.6,6.98,-0.375,-15.625,-1.1875,-1.75,-46.88,-6.13,0.92,0.4,0.05,-0.01
13276500,-7.17,0.61,7.14,-0.5,-20.5,-1.75,-1.81,-47.25,-6.06,0.91,0.4,0.05,-0.01
13310824,-7.4,0.58,6.83,-3.9375,-31.625,-5.3125,-1.94,-48.25,-6.06,0.91,0.41,0.05,-0.02
13347056,-7.56,0.56,6.57,-2.875,-23.5625,-3.8125,-2.06,-49.06,-6.13,0.91,0.42,0.05,-0.02
13382264,-7.67,0.56,6.45,-0.5,-11.3125,-1,-2.13,-49.69,-6.13,0.91,0.42,0.05,-0.02
13417636,-7.54,0.58,6.66,-0.8125,-10.8125,-1.3125,-2.19,-49.94,-6.13,0.9,0.42,0.05,-0.02
13452248,-7.77,0.53,6.31,-0.75,-6.875,-1,-2.25,-50.31,-6.13,0.9,0.42,0.05,-0.02
13488008,-7.59,0.58,6.58,0.0625,-8.625,-0.375,-2.25,-50.5,-6.13,0.9,0.43,0.05,-0.02
13522024,-7.68,0.56,6.5,0.0625,-9,-0.5,-2.25,-50.81,-6.13,0.9,0.43,0.05,-0.02
13557632,-7.67,0.59,6.46,1.1875,-8.75,0.1875,-2.25,-51.06,-6.13,0.9,0.43,0.05,-0.02
13592240,-7.84,0.53,6.21,-0.5,-5.375,-0.8125,-2.25,-51.31,-6.13,0.9,0.43,0.05,-0.02
13627704,-7.8,0.56,6.29,0.75,1.6875,0.8125,-2.25,-51.38,-6.06,0.9,0.43,0.05,-0.02
13662404,-7.63,0.59,6.56,0.375,-1.1875,0.5625,-2.19,-51.25,-6.06,0.9,0.43,0.05,-0.02
13697276,-7.82,0.56,6.32,-0.0625,-3.5,-0.3125,-2.19,-51.31,-6.06,0.9,0.43,0.05,-0.02
13732520,-7.73,0.56,6.38,-0.0625,-3.625,-0.4375,-2.19,-51.38,-6,0.9,0.43,0.04,-0.02
13767044,-7.81,0.56,6.3,0,-1.1875,-0.1875,-2.19,-51.5,-6,0.9,0.43,0.04,-0.02
13802592,-7.74,0.58,6.41,0.0625,3.3125,0.3125,-2.19,-51.38,-6,0.9,0.43,0.04,-0.02
13836976,-7.78,0.56,6.34,0.3125,-0.125,0.125,-2.25,-51.25,-5.94,0.9,0.43,0.04,-0.02
13872664,-7.9,0.51,6.13,2.8125,7.75,2.5625,-2.19,-51.19,-5.94,0.9,0.43,0.04,-0.02
13906852,-7.73,0.57,6.39,3.0625,15.625,3.5625,-2.06,-50.75,-5.88,0.9,0.43,0.04,-0.02
13943180,-7.6,0.59,6.59,1.75,17.5625,2.375,-1.94,-50.19,-5.88,0.9,0.42,0.04,-0.02
13977308,-7.67,0.57,6.46,0.625,16.5625,1.625,-1.88,-49.63,-5.81,0.91,0.42,0.04,-0.02
14013032,-7.5,0.59,6.65,2.125,23.9375,3.5,-1.81,-49,-5.81,0.91,0.41,0.04,-0.01
14047208,-7.36,0.61,6.81,1.0625,31.5625,2.9375,-1.69,-47.81,-5.75,0.91,0.41,0.04,-0.01
14082960,-7.37,0.59,6.78,0.9375,37.625,3.4375,-1.63,-46.81,-5.69,0.92,0.4,0.04,-0.01
14117492,-7.06,0.64,7.1,1.5,50.25,4.6875,-1.5,-45,-5.63,0.92,0.38,0.04,-0.01
14153688,-6.84,0.67,7.26,1.1875,55.125,5.125,-1.44,-43.44,-5.56,0.93,0.37,0.04,-0.01
14188652,-6.55,0.68,7.59,1.375,52.9375,4.5,-1.31,-41.25,-5.5,0.93,0.35,0.04,-0.01
14224004,-6.38,0.68,7.77,1,58.25,4.5625,-1.19,-39.69,-5.44,0.94,0.34,0.04,-0.01
14259088,-6.07,0.7,7.99,0.6875,70.9375,5.0625,-1.12,-37.81,-5.38,0.95,0.32,0.04,-0.01
14295328,-5.64,0.73,8.35,0.625,79.3125,5.5,-1.06,-34.81,-5.31,0.95,0.3,0.04,-0.01
14330776,-5.22,0.76,8.62,1,83.5,6.1875,-0.94,-31.69,-5.25,0.96,0.27,0.04,-0.01
14367084,-4.79,0.76,8.95,0.75,77.8125,5.75,-0.88,-29.31,-5.19,0.97,0.25,0.04,-0.01
14402584,-4.29,0.8,9.28,0.6875,71.125,4.8125,-0.75,-26.37,-5.13,0.97,0.23,0.04,-0.01
14438304,-4.24,0.74,9.19,0.8125,65.25,4.875,-0.75,-24.5,-5.13,0.98,0.21,0.04,-0.01
14473628,-3.67,0.82,9.51,0.75,68.5,5.5,-0.63,-21.87,-5.06,0.98,0.19,0.04,-0.01
14509032,-3.34,0.85,9.6,0.5,60.5,4.0625,-0.56,-20.06,-5.06,0.98,0.17,0.04,-0.01
14544224,-3.17,0.79,9.52,0.8125,69,4.875,-0.5,-17.56,-5,0.99,0.15,0.04,0
14579744,-2.61,0.83,9.89,1,73,6.25,-0.44,-15.38,-5,0.99,0.13,0.04,0
14614908,-2.34,0.79,9.78,1.0625,71.375,6.6875,-0.31,-12.56,-4.94,0.99,0.11,0.04,0
14650328,-1.77,0.87,9.97,1.0625,74.375,6.3125,-0.19,-10.44,-4.94,1,0.08,0.04,0
14685500,-1.37,0.85,10.01,0.8125,73.625,5.5625,-0.06,-7.56,-4.88,1,0.07,0.04,0
14720920,-1,0.82,10.24,1.125,64.25,7.4375,0,-5.5,-4.81,1,0.04,0.04,0
14756148,-0.55,0.88,10.14,0.75,56.1875,5.5625,0.189999999999998,-3.13,-4.81,1,0.03,0.04,0
14791672,-0.32,0.83,10.19,1.5625,49.0625,8.0625,0.310000000000002,-1.56,-4.81,1,0.01,0.04,0
14826288,0.13,0.85,10.56,2.5625,26.8125,2.4375,0.439999999999998,-0.06,-4.69,1,0,0.04,0
14862264,0,0.83,10.13,0.125,0.625,0.125,0.439999999999998,0.12,-4.63,1,0,0.04,0
14897708,-0.02,0.85,10.09,-0.1875,0.25,0.0625,0.439999999999998,0.12,-4.63,1,0,0.04,0
14933124,-0.01,0.81,10.09,-0.125,0.3125,0.0625,0.439999999999998,0.12,-4.63,1,0,0.04,0
14967744,-0.02,0.83,10.11,0.0625,0.125,0.1875,0.439999999999998,0.12,-4.63,1,0,0.04,0
15003452,-0.01,0.84,10.13,0.0625,-0.25,-0.0625,0.439999999999998,0.12,-4.63,1,0,0.04,0
15037800,0,0.85,10.11,-0.125,0.25,0,0.439999999999998,0.12,-4.63,1,0,0.04,0
15073632,0,0.83,10.09,0,0.3125,0,0.439999999999998,0.12,-4.63,1,0,0.04,0
15108340,-0.01,0.84,10.13,-0.0625,0.0625,-0.0625,0.439999999999998,0.12,-4.63,1,0,0.04,0
15144112,0,0.84,10.09,-0.125,0.0625,0,0.439999999999998,0.12,-4.63,1,0,0.04,0
15178812,0,0.83,10.1,0.0625,0,0,0.439999999999998,0.12,-4.63,1,0,0.04,0
15214636,0,0.82,10.09,-0.0625,0,-0.125,0.439999999999998,0.12,-4.63,1,0,0.04,0
15249584,-0.01,0.84,10.09,-0.0625,0,-0.0625,0.439999999999998,0.12,-4.63,1,0,0.04,0
15285464,-0.01,0.82,10.09,-0.0625,0.25,0.1875,0.439999999999998,0.12,-4.63,1,0,0.04,0
15320228,-0.01,0.85,10.11,-0.125,0.125,0,0.439999999999998,0.12,-4.63,1,0,0.04,0
15356180,0,0.81,10.09,0,0.0625,-0.125,0.439999999999998,0.12,-4.63,1,0,0.04,0
15390504,0,0.83,10.1,0.0625,-0.1875,0.125,0.439999999999998,0.12,-4.69,1,0,0.04,0
15426336,0,0.83,10.1,0.0625,0.125,-0.1875,0.439999999999998,0.12,-4.69,1,0,0.04,0
15460868,-0.01,0.82,10.11,0,-0.0625,0,0.439999999999998,0.12,-4.69,1,0,0.04,0
15496640,-0.01,0.84,10.1,0,0.0625,0.0625,0.439999999999998,0.12,-4.69,1,0,0.04,0
15530432,0,0.82,10.1,-0.125,-0.125,0,0.439999999999998,0.12,-4.69,1,0,0.04,0
15566152,0,0.86,10.09,0.1875,0.125,0.0625,0.439999999999998,0.12,-4.69,1,0,0.04,0
15600672,-0.02,0.83,10.09,0,0,-0.125,0.439999999999998,0.12,-4.69,1,0,0.04,0
15636172,0,0.83,10.1,0,-0.0625,-0.125,0.439999999999998,0.12,-4.69,1,0,0.04,0
15671368,-0.57,0.87,10.09,-0.3125,2.375,-32.5625,0.370000000000005,0.12,-4.69,1,0,0.04,0
15707632,1.1,1.18,10.05,-0.25,3.6875,-50.125,-1.12,0.06,-4.69,1,0,0.04,-0.01
15742792,-0.49,0.58,10.09,-0.125,4.5625,-61.625,-3.5,0.06,-4.69,1,0,0.04,-0.03
15778920,-0.12,0.77,10.08,-0.125,4.8125,-61.5,-5.19,0.06,-4.69,1,0,0.04,-0.05
15812932,0.45,0.79,10.11,-0.25,5.5625,-73.5,-7.81,0.06,-4.69,1,0,0.04,-0.07
15849084,-0.96,0.69,10.15,-0.5,5.875,-80.9375,-10.19,0.06,-4.69,1,0,0.04,-0.09
15884484,0.39,0.81,9.82,-0.125,5.1875,-74,-13,0,-4.69,0.99,-0.01,0.04,-0.11
15920604,0.96,0.81,9.83,-0.1875,6.125,-83.8125,-15.38,0,-4.69,0.99,-0.01,0.04,-0.14
15955812,-0.29,0.58,9.86,-0.1875,7.4375,-101.875,-19.12,0,-4.69,0.99,-0.01,0.04,-0.17
15991728,-0.68,0.21,9.92,-0.375,6.1875,-83.0625,-21.87,0,-4.69,0.98,-0.01,0.04,-0.2
16026768,0.33,0.74,9.81,-0.25,7.5,-100,-25.37,0,-4.69,0.97,-0.01,0.04,-0.22
16062544,-0.79,0.51,9.89,0,7.75,-102.75,-28.44,-0.06,-4.69,0.97,-0.01,0.04,-0.25
16097804,0.64,0.74,9.85,-0.125,4.75,-64.5,-31.75,-0.06,-4.69,0.96,-0.01,0.04,-0.27
16133356,-0.18,0.67,9.87,-0.125,6.75,-91.4375,-33.94,-0.12,-4.69,0.95,-0.01,0.04,-0.3
16168492,-0.04,0.7,9.81,-0.125,5.75,-78.5,-37.25,-0.12,-4.63,0.95,-0.01,0.04,-0.32
16204056,0.13,0.73,9.84,-0.125,5.0625,-66.9375,-39.38,-0.12,-4.63,0.94,-0.01,0.04,-0.34
16238608,-0.18,0.66,9.82,-0.1875,6,-82.625,-42.25,-0.12,-4.63,0.93,-0.01,0.04,-0.36
16274584,0.82,0.71,9.81,-0.1875,5.4375,-73.6875,-44.38,-0.19,-4.63,0.92,-0.01,0.04,-0.38
16309700,0.46,0.73,9.81,-0.0625,6.1875,-83.3125,-47.5,-0.19,-4.63,0.91,-0.01,0.04,-0.4
16345336,-0.07,0.65,9.86,-0.375,5.25,-72.625,-49.94,-0.19,-4.63,0.9,-0.02,0.04,-0.43
16380688,0.58,0.76,9.81,-0.4375,5.8125,-77.375,-52.69,-0.25,-4.63,0.9,-0.02,0.04,-0.44
16416184,0.13,0.7,9.87,-0.25,6.375,-85.125,-55.13,-0.25,-4.56,0.88,-0.02,0.04,-0.47
16451288,-0.55,0.63,9.86,-0.375,5.3125,-71.6875,-58.19,-0.25,-4.56,0.87,-0.02,0.04,-0.49
16486824,0.09,0.65,9.81,-0.4375,5.1875,-67.8125,-60.06,-0.25,-4.56,0.86,-0.02,0.04,-0.51
16521908,-0.35,0.94,9.83,-0.25,5.5625,-73.3125,-62.81,-0.25,-4.56,0.85,-0.02,0.04,-0.52
16557380,-0.21,0.66,9.85,-0.125,4.875,-66.1875,-64.81,-0.25,-4.56,0.84,-0.02,0.03,-0.54
16592412,0.13,0.65,9.85,-0.25,3.625,-47.25,-67,-0.31,-4.5,0.83,-0.02,0.03,-0.55
16627920,0.26,0.66,9.86,-0.3125,4.25,-54.75,-68.5,-0.31,-4.5,0.82,-0.02,0.03,-0.57
16662056,0.39,0.91,9.8,-0.25,4.6875,-59.875,-70.69,-0.31,-4.5,0.81,-0.02,0.03,-0.58
16698060,0,0.78,9.84,-0.125,3.5,-45.6875,-72.37,-0.31,-4.5,0.8,-0.02,0.03,-0.59
16733292,0.32,0.77,9.82,-0.375,4,-50.0625,-74.19,-0.31,-4.5,0.8,-0.02,0.03,-0.6
16769052,0.56,0.73,9.83,-0.125,3.9375,-53.375,-75.75,-0.25,-4.5,0.79,-0.02,0.03,-0.62
16803308,0.19,0.89,9.8,-0.125,4.4375,-54.9375,-77.87,-0.25,-4.44,0.78,-0.02,0.03,-0.63
16839300,-0.21,0.59,9.84,0.0625,3.125,-42.875,-79.37,-0.25,-4.44,0.77,-0.02,0.03,-0.64
16873544,0.02,0.76,9.83,-0.25,3.375,-43.375,-81,-0.25,-4.44,0.76,-0.02,0.03,-0.65
16909204,0.04,0.71,9.85,0.0625,2.875,-40.25,-82.25,-0.25,-4.44,0.75,-0.02,0.03,-0.66
16942888,0.18,0.61,9.82,0.0625,2.4375,-33.4375,-83.69,-0.25,-4.44,0.74,-0.02,0.03,-0.67
16979236,0.34,0.7,9.83,-0.0625,2.4375,-30.1875,-84.62,-0.25,-4.38,0.74,-0.02,0.03,-0.67
17013560,0.48,0.88,9.8,-0.1875,2.75,-33.5625,-85.87,-0.25,-4.38,0.73,-0.02,0.03,-0.68
17049392,-0.42,0.74,9.86,0.0625,3,-38.9375,-87,-0.19,-4.38,0.72,-0.03,0.03,-0.69
17084616,0.27,0.8,9.84,-0.1875,2.25,-28.3125,-88.12,-0.19,-4.38,0.72,-0.03,0.03,-0.7
17120332,0.37,0.7,9.85,0.0625,2.25,-28.625,-89.06,-0.19,-4.38,0.71,-0.03,0.03,-0.7
17155500,-0.32,0.61,9.86,-0.1875,2.4375,-31.5625,-90.12,-0.19,-4.38,0.71,-0.03,0.03,-0.71
17191284,-0.11,0.88,9.8,-0.125,2.25,-27.8125,-90.94,-0.19,-4.38,0.7,-0.03,0.03,-0.71
17226480,-0.22,0.78,9.82,0,1.4375,-17.5,-91.87,-0.19,-4.38,0.69,-0.03,0.03,-0.72
17262876,0.53,0.78,9.84,0,1.0625,-12.875,-92.25,-0.19,-4.38,0.69,-0.03,0.03,-0.72
17297260,0.11,0.76,9.84,0.125,1.4375,-17.75,-92.94,-0.19,-4.38,0.69,-0.03,0.03,-0.72
17332980,0.24,0.65,9.83,-0.3125,1.5,-17.5625,-93.5,-0.19,-4.38,0.68,-0.03,0.03,-0.73
17367220,-0.09,0.74,9.83,-0.0625,1.625,-16.25,-94.06,-0.12,-4.31,0.68,-0.03,0.03,-0.73
17403004,0.31,0.65,9.85,-0.0625,0.6875,-9,-94.37,-0.12,-4.31,0.68,-0.03,0.03,-0.73
17437212,0,0.74,9.85,0.0625,0.5,-8.375,-94.75,-0.12,-4.31,0.68,-0.03,0.03,-0.74
17472864,-0.06,0.71,9.83,0.0625,0.5625,-8.0625,-95,-0.12,-4.31,0.67,-0.03,0.03,-0.74
17507240,0.1,0.69,9.86,0,0.4375,-6.875,-95.19,-0.12,-4.31,0.67,-0.03,0.03,-0.74
17542968,0.13,0.74,9.85,0.125,0.25,-2.1875,-95.37,-0.12,-4.31,0.67,-0.03,0.03,-0.74
17577448,0.35,0.64,9.81,0.0625,0.3125,-3.1875,-95.44,-0.06,-4.31,0.67,-0.03,0.03,-0.74
17612808,0.02,0.75,9.83,0.125,0.5625,-4.0625,-95.62,-0.06,-4.31,0.67,-0.03,0.03,-0.74
17647652,0.18,0.7,9.82,0.0625,0.0625,-0.3125,-95.62,-0.06,-4.31,0.67,-0.03,0.03,-0.74
17682116,0.26,0.64,9.85,0.0625,0.375,-5.0625,-95.75,0,-4.31,0.67,-0.03,0.03,-0.74
17717572,0.04,0.74,9.84,0,0.6875,-6.25,-95.94,0,-4.25,0.67,-0.03,0.03,-0.74
17750844,0.34,0.62,9.83,-0.0625,0.3125,-1.6875,-96.06,0,-4.25,0.67,-0.03,0.03,-0.74
17786464,0.08,0.72,9.83,-0.0625,0.625,-5.875,-96.25,0,-4.25,0.67,-0.03,0.03,-0.74
17821012,0.11,0.72,9.84,-0.0625,0.25,-0.9375,-96.37,0,-4.25,0.67,-0.03,0.03,-0.74
17856364,0.13,0.72,9.84,0.125,0,0,-96.37,0,-4.25,0.67,-0.03,0.03,-0.74
17890800,0.15,0.7,9.81,0.125,0.0625,0.0625,-96.37,0,-4.25,0.67,-0.03,0.02,-0.74
17926608,0.13,0.71,9.83,0.125,0.0625,0,-96.37,0,-4.25,0.67,-0.03,0.02,-0.74
17960872,0.14,0.71,9.83,0.1875,-0.125,0.125,-96.37,0,-4.25,0.67,-0.03,0.02,-0.74
17996084,0.09,0.7,9.82,-0.0625,0.25,0.3125,-96.37,0,-4.25,0.67,-0.03,0.02,-0.74
18031156,1.13,0.79,9.8,0.375,-3.4375,46.1875,-96.12,0,-4.25,0.67,-0.03,0.02,-0.74
18066840,-0.03,0.66,9.85,0.3125,-2.0625,27.3125,-94.62,0,-4.25,0.68,-0.03,0.03,-0.73
18102200,-1.1,0.44,9.92,0.1875,-2.625,35.625,-93.75,0,-4.25,0.68,-0.03,0.03,-0.73
18138356,-0.69,0.37,9.89,0.3125,-4.8125,68.9375,-91.75,0,-4.25,0.7,-0.03,0.03,-0.72
18173412,0.13,0.68,9.86,0.1875,-5.5625,73.5,-89.31,0,-4.25,0.71,-0.03,0.03,-0.7
18209568,-0.45,0.4,9.88,0.25,-5.125,70.0625,-86.69,0,-4.25,0.73,-0.03,0.03,-0.69
18243756,0.07,0.62,9.87,0.1875,-6.4375,85.5625,-83.44,0,-4.25,0.75,-0.03,0.03,-0.67
18280008,0.72,0.67,9.84,0.1875,-5.75,81.125,-80.94,0.06,-4.25,0.76,-0.02,0.03,-0.65
18315016,-0.06,0.61,9.88,0.1875,-3.625,50.375,-79.19,0.06,-4.25,0.77,-0.02,0.03,-0.63
18351200,0.06,0.63,9.84,0.3125,-4.375,59,-77.12,0.06,-4.25,0.78,-0.02,0.03,-0.62
18386088,0.63,0.75,9.83,0.0625,-5.375,71.5,-74.5,0.06,-4.25,0.8,-0.02,0.03,-0.61
18422204,0.49,0.9,9.8,0.125,-3.4375,46.9375,-72.75,0.06,-4.25,0.81,-0.02,0.03,-0.59
18456724,-0.62,0.66,9.85,0.0625,-3.5,45.875,-71.12,0.06,-4.25,0.81,-0.02,0.03,-0.58
18492816,-0.61,0.63,9.89,0,-5.3125,70.9375,-69.25,0.06,-4.25,0.83,-0.02,0.03,-0.56
18527988,1.06,0.79,9.82,0,-4.0625,54.375,-66.62,0.06,-4.25,0.83,-0.02,0.03,-0.55
18563848,-0.5,0.5,9.86,0.1875,-3.875,53.75,-65.19,0.06,-4.25,0.84,-0.02,0.03,-0.53
18598024,-0.41,0.62,9.85,0.125,-4.5,63.875,-62.81,0.06,-4.25,0.85,-0.02,0.03,-0.52
18633656,-0.27,0.6,9.88,0.1875,-5.0625,68.875,-60.75,0.06,-4.19,0.86,-0.02,0.03,-0.51
18668820,0.24,0.73,9.86,0.1875,-5.5,75,-57.94,0.06,-4.19,0.87,-0.02,0.03,-0.48
18704940,0.4,0.7,9.86,0.125,-4.6875,63.9375,-55.94,0.06,-4.19,0.88,-0.02,0.03,-0.46
18740108,0.55,0.88,9.82,0.0625,-4.375,59.9375,-53.63,0.06,-4.19,0.89,-0.02,0.03,-0.45
18776264,-0.07,0.75,9.83,0,-3.8125,51,-52.06,0.06,-4.19,0.9,-0.02,0.03,-0.43
18811676,0.31,0.78,9.81,0.1875,-4.25,61.75,-49.88,0.06,-4.19,0.91,-0.02,0.03,-0.42
18847528,-0.13,0.69,9.85,0.25,-3.1875,44.75,-48.31,0.06,-4.19,0.91,-0.02,0.03,-0.41
18882804,-0.14,0.69,9.85,0,-4.125,59.375,-46.31,0.06,-4.19,0.92,-0.02,0.03,-0.39
18918328,0.68,0.78,9.81,-0.0625,-4.0625,57.625,-44.38,0.06,-4.19,0.93,-0.01,0.03,-0.37
18952560,0.13,0.73,9.83,0.25,-3.6875,52.8125,-42.31,0.12,-4.19,0.93,-0.01,0.03,-0.36
18988488,-0.94,0.54,9.9,0,-5.375,73.625,-40.63,0.06,-4.19,0.94,-0.01,0.03,-0.34
19023740,0.55,0.77,9.85,0.125,-6.1875,85.25,-37.31,0.12,-4.19,0.95,-0.01,0.03,-0.32
19059408,-0.57,0.53,9.88,0.125,-6.5625,91.9375,-35.06,0.06,-4.19,0.96,-0.01,0.03,-0.29
